{
  "model": "CatBoost",
  "f1_score": 0.2553341978073795,
  "precision": 0.30041608876560333,
  "recall": 0.2220172201722017,
  "roc_auc": 0.6101020470082154,
  "best_iteration": 100
}