{
  "original_f1": 0.2553341978073795,
  "tuned_f1": 0.25918140225052555,
  "improvement_absolute": 0.0038472044431460684,
  "improvement_percent": 1.5067329312653783
}